<application>
  <component name="FileTypeManager" version="18">
    <ignoreFiles list="*.pyc;*.pyo;*.rbc;*~;.DS_Store;.git;.hg;.svn;CVS;RCS;SCCS;__pycache__;_svn;rcs" />
    <extensionMap>
      <mapping pattern="EmitStore" type="AUTO_DETECTED" />
      <mapping pattern="MapCustomCssVariableEditor" type="AUTO_DETECTED" />
      <mapping ext="css-map" type="CSS" />
      <mapping ext="maptheme" type="CSS" />
      <mapping pattern="parking1-15svg" type="PLAIN_TEXT" />
      <mapping pattern=".balbelrc:" type="PLAIN_TEXT" />
      <mapping pattern="MapIconSetting" type="PLAIN_TEXT" />
      <mapping pattern=".balbelrc" type="PLAIN_TEXT" />
      <mapping pattern="Checked" type="PLAIN_TEXT" />
      <mapping ext="js " type="PLAIN_TEXT" />
      <mapping ext="ttf" type="PLAIN_TEXT" />
      <mapping ext="geojson" type="PLAIN_TEXT" />
      <mapping ext="mtl" type="PLAIN_TEXT" />
      <mapping ext="otf" type="PLAIN_TEXT" />
      <mapping ext="obj" type="PLAIN_TEXT" />
      <mapping ext="gltf" type="PLAIN_TEXT" />
      <mapping ext="eot" type="PLAIN_TEXT" />
      <mapping ext=".tabnine.model" type="Tabnine project model file" />
      <mapping ext=".tabnine" type="Tabnine project model file" />
      <mapping ext=".model" type="Tabnine project model file" />
      <mapping ext="tabnine" type="Tabnine project model file" />
      <mapping ext="model" type="Tabnine project model file" />
      <mapping pattern="MapDetail" type="TypeScript" />
      <mapping pattern="MapColorSetting" type="TypeScript JSX" />
      <mapping pattern="MapCustomBaseLayerDrawerContent." type="TypeScript JSX" />
      <mapping pattern="SIngleLineColorSegmentation" type="TypeScript JSX" />
      <mapping pattern="index" type="TypeScript JSX" />
      <mapping pattern="mapIns" type="TypeScript JSX" />
      <mapping ext="php" type="PHP" />
    </extensionMap>
  </component>
</application>