<application>
  <component name="ProjectManager">
    <defaultProject>
      <component name="Encoding">
        <file url="PROJECT" charset="UTF-8" />
      </component>
      <component name="InspectionProjectProfileManager">
        <option name="PROJECT_PROFILE" />
        <version value="1.0" />
      </component>
      <component name="JavaScriptSettings">
        <option name="languageLevel" value="JSX" />
      </component>
      <component name="JsFlowSettings">
        <service-enabled>true</service-enabled>
        <exe-path />
        <annotation-enable>false</annotation-enable>
        <other-services-enabled>true</other-services-enabled>
        <auto-save>true</auto-save>
      </component>
      <component name="PreferredVcsStorage">
        <preferredVcsName>ApexVCS</preferredVcsName>
      </component>
      <component name="PropertiesComponent">
        <property name="JavaScriptPreferStrict" value="false" />
        <property name="JavaScriptWeakerCompletionTypeGuess" value="true" />
        <property name="nodejs_interpreter_path.stuck_in_default_project" value="/usr/local/bin/node" />
        <property name="nodejs_npm_path_reset_for_default_project" value="true" />
        <property name="options.lastSelected" value="configurable.group.appearance" />
        <property name="options.splitter.details.proportions" value="0.2" />
        <property name="options.splitter.main.proportions" value="0.3" />
        <property name="settings.editor.selected.configurable" value="Settings.JavaScript" />
      </component>
      <component name="VcsContentAnnotationSettings">
        <option name="myLimit" value="2678400000" />
      </component>
    </defaultProject>
  </component>
</application>